"region","physical_pc","virtual_pc","instructions"
"ROME","0xeb5a75","0x6a75","14223832"
"ROME","0xeb5ae0","0x6ae0","11707808"
"ROME","0xeb8cb3","0x5cb3","7641840"
"ROME","0xeb8ce5","0x5ce5","5843760"
"ROME","0xeb5678","0x6678","4027530"
"ROME","0xeaa55b","0xf55b","3678785"
"ROME","0xeb508a","0x608a","3465984"
"ROME","0xebe937","0x7937","2811040"
"ROME","0xeb5111","0x6111","2618560"
"ROME","0xeb5aa7","0x6aa7","2510088"
"ROME","0xeb5aae","0x6aae","2510088"
"ROME","0xea8352","0xd352","2124120"
"ROME","0xeb5655","0x6655","1798020"
"ROME","0xeb550f","0x650f","1676480"
"ROME","0xea8349","0xd349","1617096"
"ROME","0xeb6233","0x7233","1490034"
"ROME","0xea8340","0xd340","1358185"
"ROME","0xeb782a","0x882a","1345554"
"ROME","0xeb5646","0x6646","1194114"
"ROME","0xebe933","0x7933","1124416"
"ROME","0xeb55a0","0x65a0","1124024"
"ROME","0xea835d","0xd35d","1078200"
"ROME","0xeb6bd4","0x7bd4","1015425"
"ROME","0xeb6c30","0x7c30","970389"
"ROME","0xeaa4ca","0xf4ca","817857"
"ROME","0xeb5b1a","0x6b1a","790636"
"ROME","0xeb5b02","0x6b02","790188"
"ROME","0xeaa52a","0xf52a","759190"
"ROME","0xeb5131","0x6131","748416"
"ROME","0xea82ca","0xd2ca","736344"
"ROME","0xeb6c47","0x7c47","721614"
"ROME","0xeb50c2","0x60c2","649872"
"ROME","0xeb50cc","0x60cc","606576"
"ROME","0xeb7822","0x8822","598024"
"ROME","0xeb50d3","0x60d3","561312"
"ROME","0xeb50da","0x60da","561312"
"ROME","0xeaa549","0xf549","559984"
"ROME","0xeb5c18","0x6c18","558096"
"ROME","0xeb8cda","0x5cda","516825"
"ROME","0xea8572","0xd572","493493"
"ROME","0xeb8c8c","0x5c8c","489520"
"ROME","0xeb8d99","0x5d99","476154"
"ROME","0xeb6c38","0x7c38","468485"
"ROME","0xeb002b","0x502b","454950"
"ROME","0xeb8d17","0x5d17","449667"
"ROME","0xea8596","0xd596","434880"
"ROME","0xeb5086","0x6086","433248"
"ROME","0xeb6bfa","0x7bfa","433248"
"ROME","0xeb599d","0x699d","418320"
"ROME","0xeb59bc","0x69bc","418320"
"ROME","0xea8302","0xd302","417571"
"ROME","0xeaa4a5","0xf4a5","417571"
"ROME","0xeb553f","0x653f","386880"
"ROME","0xeb5c38","0x6c38","372064"
"ROME","0xeb77c8","0x87c8","353682"
"ROME","0xeb5549","0x6549","345888"
"ROME","0xeb56e5","0x66e5","338814"
"ROME","0xeaa53a","0xf53a","334435"
"ROME","0xeb5b05","0x6b05","325556"
"ROME","0xeb5b4c","0x6b4c","325556"
"ROME","0xeb5988","0x6988","325360"
"ROME","0xeb61fb","0x71fb","319296"
"ROME","0xeb6202","0x7202","319296"
"ROME","0xeb77ed","0x87ed","310556"
"ROME","0xeb5550","0x6550","306864"
"ROME","0xeb5557","0x6557","306864"
"ROME","0xeb55ba","0x65ba","306552"
"ROME","0xec2fd2","0x7fd2","306096"
"ROME","0xea8362","0xd362","304356"
"ROME","0xeb4988","0x5988","297858"
"ROME","0xeb503a","0x603a","284319"
"ROME","0xeb5b95","0x6b95","279048"
"ROME","0xeb6c29","0x7c29","277254"
"ROME","0xeb8c6d","0x5c6d","275355"
"ROME","0xeb49ba","0x59ba","270780"
"ROME","0xea8aca","0xdaca","265829"
"ROME","0xeb8d49","0x5d49","264510"
"ROME","0xeb550b","0x650b","257920"
"ROME","0xeb564f","0x664f","249404"
"ROME","0xea81da","0xd1da","228928"
"ROME","0xea838e","0xd38e","214925"
"ROME","0xeb8d05","0x5d05","214165"
"ROME","0xeb4d31","0x5d31","211176"
"ROME","0xea8064","0xd064","204480"
"ROME","0xeb519b","0x619b","202048"
"ROME","0xea8d38","0xdd38","196812"
"ROME","0xea8aaa","0xdaaa","191055"
"ROME","0xeb5c68","0x6c68","185920"
"ROME","0xea829d","0xd29d","185350"
"ROME","0xeb5ab6","0x6ab6","183216"
"ROME","0xea8384","0xd384","171940"
"ROME","0xeb54bc","0x64bc","169260"
"ROME","0xea8586","0xd586","164010"
"ROME","0xeb48fc","0x58fc","161200"
"ROME","0xeb77bd","0x87bd","157192"
"ROME","0xeb4851","0x5851","153601"
"ROME","0xeb5412","0x6412","153140"
"ROME","0xea82fa","0xd2fa","151844"
"ROME","0xeb56dc","0x66dc","150584"
"ROME","0xeb8c5d","0x5c5d","146100"
"ROME","0xeaa4db","0xf4db","145730"
"ROME","0xea837a","0xd37a","144616"
"ROME","0xea8370","0xd370","144412"
"ROME","0xea81e2","0xd1e2","144045"
"ROME","0xeb5b5e","0x6b5e","139524"
"ROME","0xeb5072","0x6072","135390"
"ROME","0xeb517e","0x617e","134136"
"ROME","0xeb8c81","0x5c81","133355"
"ROME","0xeb564d","0x664d","129536"
"ROME","0xeb7819","0x8819","128624"
"ROME","0xeb5628","0x6628","122976"
"ROME","0xeb6bca","0x7bca","121851"
"ROME","0xeb5139","0x6139","120704"
"ROME","0xeb5653","0x6653","119868"
"ROME","0xec317b","0x817b","117519"
"ROME","0xec2f8a","0x7f8a","114786"
"ROME","0xea8313","0xd313","113874"
"ROME","0xeb8d82","0x5d82","111888"
"ROME","0xeb0010","0x5010","111210"
"ROME","0xeb6be2","0x7be2","108312"
"ROME","0xeb4846","0x5846","107995"
"ROME","0xea8398","0xd398","106257"
"ROME","0xeb4d5f","0x5d5f","105588"
"ROME","0xeb55c1","0x65c1","104064"
"ROME","0xeb8d77","0x5d77","103290"
"ROME","0xea836d","0xd36d","102361"
"ROME","0xea8377","0xd377","102004"
"ROME","0xea81ef","0xd1ef","98806"
"ROME","0xeb5c4e","0x6c4e","93016"
"ROME","0xea81a2","0xd1a2","91670"
"ROME","0xeb77df","0x87df","91340"
"ROME","0xec309d","0x809d","90189"
"ROME","0xeb48e3","0x58e3","88660"
"ROME","0xeb7788","0x8788","84405"
"ROME","0xea81f2","0xd1f2","82503"
"ROME","0xeb5612","0x6612","77040"
"ROME","0xec3276","0x8276","76890"
"ROME","0xea82f6","0xd2f6","75922"
"ROME","0xea8318","0xd318","75916"
"ROME","0xea808e","0xd08e","71244"
"ROME","0xec308a","0x808a","71058"
"ROME","0xeb629b","0x729b","71016"
"ROME","0xeb4d23","0x5d23","70392"
"ROME","0xeb776b","0x876b","69705"
"ROME","0xeaa4b6","0xf4b6","69030"
"ROME","0xeb4860","0x5860","65805"
"ROME","0xebe931","0x7931","64797"
"ROME","0xeb54f4","0x64f4","64480"
"ROME","0xea838b","0xd38b","61928"
"ROME","0xea8396","0xd396","61228"
"ROME","0xeb5193","0x6193","60352"
"ROME","0xec303a","0x803a","60126"
"ROME","0xec305a","0x805a","60126"
"ROME","0xeb13f6","0x63f6","60044"
"ROME","0xeb569b","0x669b","58008"
"ROME","0xeb51bc","0x61bc","57728"
"ROME","0xeb8c11","0x5c11","56457"
"ROME","0xeb50e2","0x60e2","54864"
"ROME","0xeb486a","0x586a","54860"
"ROME","0xeb48a7","0x58a7","54860"
"ROME","0xea8381","0xd381","54187"
"ROME","0xeb56b7","0x66b7","53174"
"ROME","0xeb62bb","0x72bb","47344"
"ROME","0xeb616d","0x716d","46976"
"ROME","0xeb59d5","0x69d5","46480"
"ROME","0xeb6c4a","0x7c4a","46209"
"ROME","0xeb5c72","0x6c72","45695"
"ROME","0xeb514c","0x614c","45264"
"ROME","0xebe941","0x7941","43198"
"ROME","0xea807d","0xd07d","43065"
"ROME","0xeb8bc7","0x5bc7","42112"
"ROME","0xeb6158","0x7158","41104"
"ROME","0xec3156","0x8156","40995"
"ROME","0xec31cc","0x81cc","40995"
"ROME","0xeb563e","0x663e","40992"
"ROME","0xea81d8","0xd1d8","40880"
"ROME","0xeb4c6d","0x5c6d","40617"
"ROME","0xeb4c75","0x5c75","40617"
"ROME","0xeb4c80","0x5c80","40617"
"ROME","0xeb53ef","0x63ef","40300"
"ROME","0xeb5404","0x6404","40300"
"ROME","0xebe6eb","0x76eb","40150"
"ROME","0xec009f","0x509f","39492"
"ROME","0xec0139","0x5139","39492"
"ROME","0xeb55d4","0x65d4","39024"
"ROME","0xeb5621","0x6621","38520"
"ROME","0xec399e","0x899e","37968"
"ROME","0xea98f8","0xe8f8","37961"
"ROME","0xea98fb","0xe8fb","37961"
"ROME","0xea98fe","0xe8fe","37958"
"ROME","0xeb8d63","0x5d63","37296"
"ROME","0xec31ff","0x81ff","35529"
"ROME","0xeb4c8e","0x5c8e","35196"
"ROME","0xeb4d12","0x5d12","35196"
"ROME","0xea82f5","0xd2f5","35063"
"ROME","0xeb7777","0x8777","34755"
"ROME","0xeb77b4","0x87b4","34016"
"ROME","0xeb555f","0x655f","33660"
"ROME","0xeb48c8","0x58c8","32880"
"ROME","0xec0371","0x5371","32859"
"ROME","0xec03f2","0x53f2","32859"
"ROME","0xec0473","0x5473","32859"
"ROME","0xec04cc","0x54cc","32850"
"ROME","0xec051d","0x551d","32850"
"ROME","0xec0540","0x5540","32850"
"ROME","0xec0589","0x5589","32850"
"ROME","0xec3122","0x8122","32796"
"ROME","0xeb4cc0","0x5cc0","32526"
"ROME","0xeb56d3","0x66d3","32456"
"ROME","0xec0182","0x5182","30870"
"ROME","0xea8355","0xd355","30610"
"ROME","0xec3731","0x8731","30510"
"ROME","0xeb8d3e","0x5d3e","30065"
"ROME","0xec30f4","0x80f4","30063"
"ROME","0xeb628f","0x728f","29590"
"ROME","0xeb8dc6","0x5dc6","29220"
"ROME","0xec376c","0x876c","27120"
"ROME","0xeb4c8a","0x5c8a","27078"
"ROME","0xec37b2","0x87b2","26668"
"ROME","0xeb6c44","0x7c44","26595"
"ROME","0xec02d7","0x52d7","25571"
"ROME","0xeb4cee","0x5cee","25298"
"ROME","0xec30e1","0x80e1","24597"
"ROME","0xea81b4","0xd1b4","24540"
"ROME","0xeb53fc","0x63fc","24180"
"ROME","0xeb5509","0x6509","24180"
"ROME","0xeb62eb","0x72eb","23488"
"ROME","0xeb4d1c","0x5d1c","23464"
"ROME","0xeb7887","0x8887","23235"
"ROME","0xeb7775","0x8775","23233"
"ROME","0xeb8b5a","0x5b5a","22032"
"ROME","0xec00b2","0x50b2","21940"
"ROME","0xec014c","0x514c","21940"
"ROME","0xec35e6","0x85e6","21924"
"ROME","0xebe940","0x7940","21599"
"ROME","0xec370a","0x870a","21470"
"ROME","0xeaa619","0xf619","21420"
"ROME","0xec3a4f","0x8a4f","21357"
"ROME","0xec3145","0x8145","19131"
"ROME","0xec31f1","0x81f1","19131"
"ROME","0xec02cc","0x52cc","18265"
"ROME","0xec0384","0x5384","18255"
"ROME","0xec0405","0x5405","18255"
"ROME","0xebe6e0","0x76e0","18250"
"ROME","0xec0486","0x5486","18250"
"ROME","0xec04df","0x54df","18250"
"ROME","0xec0530","0x5530","18250"
"ROME","0xec0553","0x5553","18250"
"ROME","0xec059c","0x559c","18250"
"ROME","0xec0623","0x5623","18250"
"ROME","0xea804d","0xd04d","17892"
"ROME","0xeb6254","0x7254","17754"
"ROME","0xeb625b","0x725b","17754"
"ROME","0xeb1438","0x6438","17660"
"ROME","0xeb58d3","0x68d3","17270"
"ROME","0xea8d4e","0xdd4e","16401"
"ROME","0xea81ba","0xd1ba","16352"
"ROME","0xea86af","0xd6af","15900"
"ROME","0xea86b3","0xd6b3","15900"
"ROME","0xec11ce","0x61ce","15162"
"ROME","0xeb50c9","0x60c9","14432"
"ROME","0xebeaa8","0x7aa8","14226"
"ROME","0xeb4873","0x5873","13715"
"ROME","0xeb4883","0x5883","13715"
"ROME","0xeb5546","0x6546","13664"
"ROME","0xec36f2","0x86f2","13560"
"ROME","0xeb4c7d","0x5c7d","13539"
"ROME","0xeb5039","0x6039","13539"
"ROME","0xeb6bfd","0x7bfd","13539"
"ROME","0xeb48af","0x58af","12989"
"ROME","0xea8097","0xd097","12780"
"ROME","0xeb8b99","0x5b99","12779"
"ROME","0xeb4caf","0x5caf","12649"
"ROME","0xeb8b18","0x5b18","12393"
"ROME","0xeb482c","0x582c","12308"
"ROME","0xeb8bb6","0x5bb6","12295"
"ROME","0xec3993","0x8993","12204"
"ROME","0xeb62d1","0x72d1","11836"
"ROME","0xec388a","0x888a","11752"
"ROME","0xeb4c95","0x5c95","11732"
"ROME","0xec3212","0x8212","11417"
"ROME","0xeaa658","0xf658","11220"
"ROME","0xeb8b79","0x5b79","11016"
"ROME","0xec3085","0x8085","10932"
"ROME","0xea885f","0xd85f","10904"
"ROME","0xeaa621","0xf621","10710"
"ROME","0xec3627","0x8627","10556"
"ROME","0xeb58a5","0x68a5","10218"
"ROME","0xeb5b66","0x6b66","10200"
"ROME","0xeb0026","0x5026","10133"
"ROME","0xec3585","0x8585","9744"
"ROME","0xea8ae6","0xdae6","9607"
"ROME","0xec0631","0x5631","9581"
"ROME","0xeb8b8d","0x5b8d","9555"
"ROME","0xebeacd","0x7acd","9478"
"ROME","0xec17f8","0x67f8","9386"
"ROME","0xea8a35","0xda35","9272"
"ROME","0xec34f3","0x84f3","9087"
"ROME","0xeaa48f","0xf48f","8877"
"ROME","0xec0088","0x5088","8856"
"ROME","0xec365f","0x865f","8621"
"ROME","0xea82c9","0xd2c9","8425"
"ROME","0xeb4867","0x5867","8220"
"ROME","0xea8191","0xd191","8148"
"ROME","0xec3935","0x8935","8136"
"ROME","0xeb553e","0x653e","8060"
"ROME","0xeb60c5","0x70c5","7986"
"ROME","0xea86b7","0xd6b7","7950"
"ROME","0xea86ba","0xd6ba","7950"
"ROME","0xeb586f","0x686f","7860"
"ROME","0xeb50ad","0x60ad","7776"
"ROME","0xea8070","0xd070","7668"
"ROME","0xec01d3","0x51d3","7306"
"ROME","0xec0098","0x5098","7300"
"ROME","0xeb582d","0x682d","7074"
"ROME","0xeb8b3e","0x5b3e","6885"
"ROME","0xec38e1","0x88e1","6780"
"ROME","0xec015c","0x515c","6615"
"ROME","0xec016f","0x516f","6615"
"ROME","0xec359d","0x859d","6524"
"ROME","0xea834c","0xd34c","6363"
"ROME","0xeb5885","0x6885","6288"
"ROME","0xea835f","0xd35f","6261"
"ROME","0xeaa680","0xf680","5905"
"ROME","0xeb6183","0x7183","5872"
"ROME","0xeb48b2","0x58b2","5808"
"ROME","0xec35d5","0x85d5","5684"
"ROME","0xeaa660","0xf660","5610"
"ROME","0xec3a3e","0x8a3e","5537"
"ROME","0xeb62f5","0x72f5","5510"
"ROME","0xeb590f","0x690f","5502"
"ROME","0xec3050","0x8050","5466"
"ROME","0xec3053","0x8053","5466"
"ROME","0xec3070","0x8070","5466"
"ROME","0xec3073","0x8073","5466"
"ROME","0xec3075","0x8075","5466"
"ROME","0xeb4c9b","0x5c9b","5421"
"ROME","0xeb48d0","0x58d0","5216"
"ROME","0xeb7503","0x8503","5214"
"ROME","0xeb5abe","0x6abe","5088"
"ROME","0xec2fb1","0x7fb1","5038"
"ROME","0xec2fae","0x7fae","5008"
"ROME","0xec3055","0x8055","5008"
"ROME","0xeb75a9","0x85a9","4950"
"ROME","0xeb75ae","0x85ae","4950"
"ROME","0xeb6097","0x7097","4706"
"ROME","0xea8199","0xd199","4684"
"ROME","0xeb5ae7","0x6ae7","4664"
"ROME","0xed64de","0x74de","4608"
"ROME","0xea8cbf","0xdcbf","4465"
"ROME","0xeb5154","0x6154","4416"
"ROME","0xec00bd","0x50bd","4388"
"ROME","0xec00bf","0x50bf","4388"
"ROME","0xec0157","0x5157","4388"
"ROME","0xeaa475","0xf475","4352"
"ROME","0xeb8b9e","0x5b9e","4334"
"ROME","0xec38bb","0x88bb","4294"
"ROME","0xeb74d0","0x84d0","4266"
"ROME","0xeb77c5","0x87c5","4252"
"ROME","0xec357a","0x857a","4194"
"ROME","0xec36e7","0x86e7","4068"
"ROME","0xec379a","0x879a","4068"
"ROME","0xeb56e4","0x66e4","4057"
"ROME","0xeb55dc","0x65dc","4014"
"ROME","0xeb5853","0x6853","3930"
"ROME","0xeb5901","0x6901","3930"
"ROME","0xeb58c2","0x68c2","3925"
"ROME","0xeb759e","0x859e","3888"
"ROME","0xea8032","0xd032","3834"
"ROME","0xea8040","0xd040","3834"
"ROME","0xec0159","0x5159","3653"
"ROME","0xec01d8","0x51d8","3653"
"ROME","0xec02e4","0x52e4","3651"
"ROME","0xec038f","0x538f","3651"
"ROME","0xec0391","0x5391","3651"
"ROME","0xec0410","0x5410","3651"
"ROME","0xec0412","0x5412","3651"
"ROME","0xec0491","0x5491","3650"
"ROME","0xec0493","0x5493","3650"
"ROME","0xec04ea","0x54ea","3650"
"ROME","0xec04ec","0x54ec","3650"
"ROME","0xec053b","0x553b","3650"
"ROME","0xec055e","0x555e","3650"
"ROME","0xec0560","0x5560","3650"
"ROME","0xec05a7","0x55a7","3650"
"ROME","0xec05a9","0x55a9","3650"
"ROME","0xec062e","0x562e","3650"
"ROME","0xea8b91","0xdb91","3496"
"ROME","0xec36b6","0x86b6","3390"
"ROME","0xeb6029","0x7029","3267"
"ROME","0xec3a1d","0x8a1d","3164"
"ROME","0xea8196","0xd196","3048"
"ROME","0xec34e0","0x84e0","3029"
"ROME","0xec36a3","0x86a3","3029"
"ROME","0xec38a8","0x88a8","2938"
"ROME","0xec3a8d","0x8a8d","2938"
"ROME","0xeb75b5","0x85b5","2916"
"ROME","0xeb761c","0x861c","2910"
"ROME","0xeb6077","0x7077","2904"
"ROME","0xeb8b2d","0x5b2d","2754"
"ROME","0xeb8b49","0x5b49","2754"
"ROME","0xec30d9","0x80d9","2733"
"ROME","0xec30dc","0x80dc","2733"
"ROME","0xec310a","0x810a","2733"
"ROME","0xec310d","0x810d","2733"
"ROME","0xec310f","0x810f","2733"
"ROME","0xec3137","0x8137","2733"
"ROME","0xec3153","0x8153","2733"
"ROME","0xec316d","0x816d","2733"
"ROME","0xec31c9","0x81c9","2733"
"ROME","0xec31e3","0x81e3","2733"
"ROME","0xec39fd","0x89fd","2712"
"ROME","0xea8c06","0xdc06","2552"
"ROME","0xeb6101","0x7101","2541"
"ROME","0xec36d1","0x86d1","2486"
"ROME","0xec391a","0x891a","2486"
"ROME","0xeaa67c","0xf67c","2362"
"ROME","0xeb5981","0x6981","2358"
"ROME","0xeb55e4","0x65e4","2352"
"ROME","0xea818c","0xd18c","2328"
"ROME","0xeb515c","0x615c","2208"
"ROME","0xeb7816","0x8816","2190"
"ROME","0xeb8bc2","0x5bc2","2074"
"ROME","0xeb5567","0x6567","1976"
"ROME","0xeb752d","0x852d","1950"
"ROME","0xeb7592","0x8592","1944"
"ROME","0xea819c","0xd19c","1940"
"ROME","0xeaa647","0xf647","1920"
"ROME","0xeb9c8c","0x6c8c","1890"
"ROME","0xeb60b4","0x70b4","1820"
"ROME","0xeb605b","0x705b","1815"
"ROME","0xeb60f3","0x70f3","1815"
"ROME","0xea8cb1","0xdcb1","1786"
"ROME","0xeb50a9","0x60a9","1728"
"ROME","0xec3640","0x8640","1631"
"ROME","0xec364e","0x864e","1631"
"ROME","0xeaa48b","0xf48b","1614"
"ROME","0xeb5842","0x6842","1572"
"ROME","0xeb585e","0x685e","1572"
"ROME","0xed64d7","0x74d7","1530"
"ROME","0xea8b7d","0xdb7d","1500"
"ROME","0xeb75c4","0x85c4","1458"
"ROME","0xeb75cb","0x85cb","1458"
"ROME","0xeb7615","0x8615","1455"
"ROME","0xeb74c1","0x84c1","1440"
"ROME","0xeb74c9","0x84c9","1440"
"ROME","0xeb9ca3","0x6ca3","1440"
"ROME","0xec11f5","0x61f5","1438"
"ROME","0xeb9c94","0x6c94","1430"
"ROME","0xeb8dc9","0x5dc9","1377"
"ROME","0xeb6a14","0x7a14","1344"
"ROME","0xeb8bbf","0x5bbf","1316"
"ROME","0xea8c80","0xdc80","1278"
"ROME","0xea8bf2","0xdbf2","1276"
"ROME","0xea8bf6","0xdbf6","1276"
"ROME","0xea8bfb","0xdbfb","1276"
"ROME","0xea8cf4","0xdcf4","1217"
"ROME","0xec356f","0x856f","1130"
"ROME","0xec372e","0x872e","1130"
"ROME","0xec3762","0x8762","1130"
"ROME","0xec3764","0x8764","1130"
"ROME","0xec3988","0x8988","1130"
"ROME","0xeb5185","0x6185","1104"
"ROME","0xeaa5bd","0xf5bd","1098"
"ROME","0xeb604f","0x704f","1089"
"ROME","0xeb6151","0x7151","1089"
"ROME","0xea8cb5","0xdcb5","1024"
"ROME","0xec39f8","0x89f8","1017"
"ROME","0xeb50ea","0x60ea","896"
"ROME","0xea8cbc","0xdcbc","893"
"ROME","0xeb69c5","0x79c5","840"
"ROME","0xeaa4a2","0xf4a2","816"
"ROME","0xeb620a","0x720a","816"
"ROME","0xec359a","0x859a","812"
"ROME","0xec35e3","0x85e3","812"
"ROME","0xec3617","0x8617","812"
"ROME","0xec3619","0x8619","812"
"ROME","0xeb7553","0x8553","810"
"ROME","0xea8184","0xd184","800"
"ROME","0xea8cef","0xdcef","800"
"ROME","0xec3797","0x8797","791"
"ROME","0xec39fa","0x89fa","791"
"ROME","0xec3a4c","0x8a4c","791"
"ROME","0xec3a80","0x8a80","791"
"ROME","0xec3a85","0x8a85","791"
"ROME","0xeb5922","0x6922","786"
"ROME","0xeb5c75","0x6c75","786"
"ROME","0xeb58cb","0x68cb","785"
"ROME","0xeb56d2","0x66d2","777"
"ROME","0xea8188","0xd188","776"
"ROME","0xea8a1a","0xda1a","776"
"ROME","0xea8a25","0xda25","776"
"ROME","0xea8a2a","0xda2a","776"
"ROME","0xeaa643","0xf643","768"
"ROME","0xeb603e","0x703e","726"
"ROME","0xeb6066","0x7066","726"
"ROME","0xeb77b1","0x87b1","713"
"ROME","0xeb61d7","0x71d7","675"
"ROME","0xea8c0d","0xdc0d","638"
"ROME","0xeb511d","0x611d","576"
"ROME","0xeb48c4","0x58c4","550"
"ROME","0xeb9c85","0x6c85","540"
"ROME","0xeb560b","0x660b","504"
"ROME","0xeb9a10","0x6a10","494"
"ROME","0xeb7659","0x8659","486"
"ROME","0xeb0000","0x5000","483"
"ROME","0xeb757a","0x857a","480"
"ROME","0xeb757d","0x857d","480"
"ROME","0xeb699c","0x799c","459"
"ROME","0xec2fc5","0x7fc5","458"
"ROME","0xec38a3","0x88a3","452"
"ROME","0xec3a39","0x8a39","452"
"ROME","0xeb5a4b","0x6a4b","432"
"ROME","0xeb1321","0x6321","426"
"ROME","0xea8b5c","0xdb5c","396"
"ROME","0xeb8b96","0x5b96","394"
"ROME","0xea8a3c","0xda3c","388"
"ROME","0xeb485f","0x585f","388"
"ROME","0xeb60bd","0x70bd","363"
"ROME","0xeb6114","0x7114","363"
"ROME","0xeb62f8","0x72f8","363"
"ROME","0xeaa675","0xf675","348"
"ROME","0xeb6a3e","0x7a3e","336"
"ROME","0xeb7434","0x8434","336"
"ROME","0xeb6187","0x7187","322"
"ROME","0xea801b","0xd01b","320"
"ROME","0xeb5599","0x6599","312"
"ROME","0xeb9764","0x6764","312"
"ROME","0xeaa608","0xf608","294"
"ROME","0xea9907","0xe907","272"
"ROME","0xeb007f","0x507f","253"
"ROME","0xeb59ee","0x69ee","252"
"ROME","0xeb69dd","0x79dd","252"
"ROME","0xec326a","0x826a","233"
"ROME","0xec326c","0x826c","233"
"ROME","0xec326e","0x826e","233"
"ROME","0xec353b","0x853b","233"
"ROME","0xec35d0","0x85d0","233"
"ROME","0xec35d2","0x85d2","233"
"ROME","0xec365c","0x865c","233"
"ROME","0xeb99ff","0x69ff","228"
"ROME","0xeb9a30","0x6a30","228"
"ROME","0xec353d","0x853d","226"
"ROME","0xec3707","0x8707","226"
"ROME","0xec38a0","0x88a0","226"
"ROME","0xec38de","0x88de","226"
"ROME","0xec3930","0x8930","226"
"ROME","0xec3979","0x8979","226"
"ROME","0xec397b","0x897b","226"
"ROME","0xec3a12","0x8a12","226"
"ROME","0xeb6a5e","0x7a5e","224"
"ROME","0xec12b5","0x62b5","219"
"ROME","0xec3540","0x8540","210"
"ROME","0xed5109","0x6109","198"
"ROME","0xeb59d9","0x69d9","196"
"ROME","0xeb6947","0x7947","196"
"ROME","0xeb62f9","0x72f9","184"
"ROME","0xec1241","0x6241","183"
"ROME","0xeb751e","0x851e","180"
"ROME","0xeb7522","0x8522","180"
"ROME","0xeb48c7","0x58c7","176"
"ROME","0xea802a","0xd02a","174"
"ROME","0xeb48e2","0x58e2","160"
"ROME","0xeb7870","0x8870","153"
"ROME","0xeb13dd","0x63dd","147"
"ROME","0xeb9753","0x6753","144"
"ROME","0xeaa651","0xf651","138"
"ROME","0xeb619c","0x719c","138"
"ROME","0xeb61a3","0x71a3","138"
"ROME","0xea8bcd","0xdbcd","120"
"ROME","0xeb74ea","0x84ea","120"
"ROME","0xec02e7","0x52e7","120"
"ROME","0xec37af","0x87af","113"
"ROME","0xeb5c76","0x6c76","112"
"ROME","0xeb6a9c","0x7a9c","112"
"ROME","0xec11fa","0x61fa","111"
"ROME","0xec2ec6","0x7ec6","106"
"ROME","0xeaa664","0xf664","99"
"ROME","0xeb9a50","0x6a50","98"
"ROME","0xeb9a7e","0x6a7e","98"
"ROME","0xeb9aac","0x6aac","98"
"ROME","0xeb9ada","0x6ada","98"
"ROME","0xed5120","0x6120","96"
"ROME","0xeaa457","0xf457","95"
"ROME","0xeb62d5","0x72d5","92"
"ROME","0xeb9ca6","0x6ca6","90"
"ROME","0xea8025","0xd025","84"
"ROME","0xeb5a0d","0x6a0d","84"
"ROME","0xeb5a14","0x6a14","84"
"ROME","0xeb695c","0x795c","84"
"ROME","0xeb6963","0x7963","84"
"ROME","0xeb69e5","0x79e5","72"
"ROME","0xeb7868","0x8868","68"
"ROME","0xed5056","0x6056","68"
"ROME","0xeaa655","0xf655","66"
"ROME","0xec0d14","0x5d14","66"
"ROME","0xed64a2","0x74a2","64"
"ROME","0xed64ae","0x74ae","64"
"ROME","0xeb130d","0x630d","63"
"ROME","0xea9901","0xe901","61"
"ROME","0xeaa5e6","0xf5e6","61"
"ROME","0xeaa625","0xf625","60"
"ROME","0xeaa689","0xf689","58"
"ROME","0xec0d53","0x5d53","58"
"ROME","0xeb144b","0x644b","57"
"ROME","0xeb5c52","0x6c52","56"
"ROME","0xeb6a74","0x7a74","56"
"ROME","0xeb6a78","0x7a78","56"
"ROME","0xec0b57","0x5b57","56"
"ROME","0xec1c79","0x6c79","56"
"ROME","0xeaa5e8","0xf5e8","54"
"ROME","0xed513f","0x613f","54"
"ROME","0xec142a","0x642a","51"
"ROME","0xec14ea","0x64ea","51"
"ROME","0xeb6263","0x7263","48"
"ROME","0xeb75d3","0x85d3","48"
"ROME","0xeb9784","0x6784","48"
"ROME","0xeb62d9","0x72d9","46"
"ROME","0xea8bed","0xdbed","45"
"ROME","0xeb6303","0x7303","45"
"ROME","0xeb1178","0x6178","44"
"ROME","0xeaa604","0xf604","42"
"ROME","0xeb73aa","0x83aa","42"
"ROME","0xec0b30","0x5b30","42"
"ROME","0xec0e05","0x5e05","42"
"ROME","0xec1cd4","0x6cd4","42"
"ROME","0xea8010","0xd010","40"
"ROME","0xebeab0","0x7ab0","39"
"ROME","0xec2dc0","0x7dc0","39"
"ROME","0xec1b30","0x6b30","35"
"ROME","0xec1b73","0x6b73","34"
"ROME","0xec1413","0x6413","33"
"ROME","0xec16d7","0x66d7","33"
"ROME","0xeb13a6","0x63a6","32"
"ROME","0xeb6866","0x7866","32"
"ROME","0xed64aa","0x74aa","32"
"ROME","0xeb7360","0x8360","30"
"ROME","0xeb73bc","0x83bc","30"
"ROME","0xeb9a42","0x6a42","30"
"ROME","0xeb9a70","0x6a70","30"
"ROME","0xeb9a9e","0x6a9e","30"
"ROME","0xeb9acc","0x6acc","30"
"ROME","0xebeb58","0x7b58","30"
"ROME","0xec216e","0x716e","30"
"ROME","0xeaa6f1","0xf6f1","28"
"ROME","0xeb5c56","0x6c56","28"
"ROME","0xeb6a3b","0x7a3b","28"
"ROME","0xeb6a7c","0x7a7c","28"
"ROME","0xeb5c80","0x6c80","27"
"ROME","0xeb6aa6","0x7aa6","27"
"ROME","0xec2d70","0x7d70","27"
"ROME","0xeb7383","0x8383","26"
"ROME","0xec035c","0x535c","26"
"ROME","0xec0def","0x5def","26"
"ROME","0xec10b3","0x60b3","26"
"ROME","0xed6702","0x7702","26"
"ROME","0xec2e62","0x7e62","25"
"ROME","0xea801f","0xd01f","24"
"ROME","0xeb58ce","0x68ce","24"
"ROME","0xeb5a1c","0x6a1c","24"
"ROME","0xeb61ab","0x71ab","24"
"ROME","0xeb696b","0x796b","24"
"ROME","0xeb8dca","0x5dca","24"
"ROME","0xec004a","0x504a","24"
"ROME","0xed5a72","0x6a72","24"
"ROME","0xeb0028","0x5028","23"
"ROME","0xeb7417","0x8417","22"
"ROME","0xeb7841","0x8841","22"
"ROME","0xec4000","0x5000","22"
"ROME","0xeb1132","0x6132","21"
"ROME","0xeb739b","0x839b","20"
"ROME","0xea8000","0xd000","18"
"ROME","0xea8c7b","0xdc7b","18"
"ROME","0xed44ca","0x54ca","18"
"ROME","0xed5150","0x6150","18"
"ROME","0xed6498","0x7498","18"
"ROME","0xec214a","0x714a","17"
"ROME","0xea8007","0xd007","16"
"ROME","0xea802f","0xd02f","16"
"ROME","0xea8bc1","0xdbc1","16"
"ROME","0xeaa849","0xf849","16"
"ROME","0xeb785f","0x885f","16"
"ROME","0xed64b6","0x74b6","16"
"ROME","0xed64b9","0x74b9","16"
"ROME","0xed64cd","0x74cd","16"
"ROME","0xeb6973","0x7973","15"
"ROME","0xeaa708","0xf708","14"
"ROME","0xeb5a24","0x6a24","14"
"ROME","0xeb73f4","0x83f4","14"
"ROME","0xec1cbb","0x6cbb","14"
"ROME","0xed50c5","0x60c5","14"
"ROME","0xed5528","0x6528","14"
"ROME","0xed553b","0x653b","14"
"ROME","0xed554e","0x654e","14"
"ROME","0xed5561","0x6561","14"
"ROME","0xed5574","0x6574","14"
"ROME","0xed5e50","0x6e50","14"
"ROME","0xea8b19","0xdb19","13"
"ROME","0xeb61b3","0x71b3","13"
"ROME","0xec1bb6","0x6bb6","13"
"ROME","0xea81a1","0xd1a1","12"
"ROME","0xea8cae","0xdcae","12"
"ROME","0xeb6212","0x7212","12"
"ROME","0xeb737b","0x837b","12"
"ROME","0xeb73c8","0x83c8","12"
"ROME","0xeb73d0","0x83d0","12"
"ROME","0xeb8df2","0x5df2","12"
"ROME","0xebeb50","0x7b50","12"
"ROME","0xebeb6f","0x7b6f","12"
"ROME","0xec000d","0x500d","12"
"ROME","0xec001a","0x501a","12"
"ROME","0xec0027","0x5027","12"
"ROME","0xed50b6","0x60b6","12"
"ROME","0xed511c","0x611c","12"
"ROME","0xed5e60","0x6e60","12"
"ROME","0xed644f","0x744f","12"
"ROME","0xeb115d","0x615d","11"
"ROME","0xeb11e0","0x61e0","11"
"ROME","0xeb5a57","0x6a57","11"
"ROME","0xeb609c","0x709c","11"
"ROME","0xeb61e0","0x71e0","11"
"ROME","0xeb6239","0x7239","11"
"ROME","0xeb69aa","0x79aa","11"
"ROME","0xeb7662","0x8662","11"
"ROME","0xec11bd","0x61bd","11"
"ROME","0xed5a6b","0x6a6b","11"
"ROME","0xea8be1","0xdbe1","10"
"ROME","0xea8be6","0xdbe6","10"
"ROME","0xeaa8d7","0xf8d7","10"
"ROME","0xeaa8f7","0xf8f7","10"
"ROME","0xebecc6","0x7cc6","10"
"ROME","0xec0034","0x5034","10"
"ROME","0xec003f","0x503f","10"
"ROME","0xec1cb0","0x6cb0","10"
"ROME","0xec1cc9","0x6cc9","10"
"ROME","0xed5e6d","0x6e6d","10"
"ROME","0xeb6824","0x7824","9"
"ROME","0xeb7693","0x8693","9"
"ROME","0xeb76ae","0x86ae","9"
"ROME","0xeb76c9","0x86c9","9"
"ROME","0xeb76e4","0x86e4","9"
"ROME","0xeb997e","0x697e","9"
"ROME","0xec1474","0x6474","9"
"ROME","0xec14af","0x64af","9"
"ROME","0xec1535","0x6535","9"
"ROME","0xec157e","0x657e","9"
"ROME","0xec169c","0x669c","9"
"ROME","0xec2e92","0x7e92","9"
"ROME","0xec2eb3","0x7eb3","9"
"ROME","0xeaa857","0xf857","8"
"ROME","0xeaa8ff","0xf8ff","8"
"ROME","0xeb99e9","0x69e9","8"
"ROME","0xebed0f","0x7d0f","8"
"ROME","0xebed89","0x7d89","8"
"ROME","0xebedc4","0x7dc4","8"
"ROME","0xec0003","0x5003","8"
"ROME","0xed504c","0x604c","8"
"ROME","0xed646b","0x746b","8"
"ROME","0xed648d","0x748d","8"
"ROME","0xeb68b7","0x78b7","7"
"ROME","0xeb75db","0x85db","7"
"ROME","0xeb9992","0x6992","7"
"ROME","0xec2da1","0x7da1","7"
"ROME","0xec2daf","0x7daf","7"
"ROME","0xec2ea5","0x7ea5","7"
"ROME","0xea8cab","0xdcab","6"
"ROME","0xeb74e9","0x84e9","6"
"ROME","0xeb75ee","0x85ee","6"
"ROME","0xeb99db","0x69db","6"
"ROME","0xeb99e2","0x69e2","6"
"ROME","0xeb99f1","0x69f1","6"
"ROME","0xeb99f8","0x69f8","6"
"ROME","0xeb9a40","0x6a40","6"
"ROME","0xeb9a6e","0x6a6e","6"
"ROME","0xeb9a9c","0x6a9c","6"
"ROME","0xeb9aca","0x6aca","6"
"ROME","0xebeb4c","0x7b4c","6"
"ROME","0xebecff","0x7cff","6"
"ROME","0xec17f3","0x67f3","6"
"ROME","0xed50af","0x60af","6"
"ROME","0xed5e67","0x6e67","6"
"ROME","0xea8bf1","0xdbf1","5"
"ROME","0xea990a","0xe90a","5"
"ROME","0xeb608b","0x708b","5"
"ROME","0xeb684a","0x784a","5"
"ROME","0xeb68a9","0x78a9","5"
"ROME","0xeb7606","0x8606","5"
"ROME","0xeb7682","0x8682","5"
"ROME","0xec10e5","0x60e5","5"
"ROME","0xec10f7","0x60f7","5"
"ROME","0xec1109","0x6109","5"
"ROME","0xeaa8d3","0xf8d3","4"
"ROME","0xeb972b","0x672b","4"
"ROME","0xeb9730","0x6730","4"
"ROME","0xeb9735","0x6735","4"
"ROME","0xeb98ae","0x68ae","4"
"ROME","0xeb98d6","0x68d6","4"
"ROME","0xeb9900","0x6900","4"
"ROME","0xeb9956","0x6956","4"
"ROME","0xebeaf6","0x7af6","4"
"ROME","0xebed2d","0x7d2d","4"
"ROME","0xec0dea","0x5dea","4"
"ROME","0xed5523","0x6523","4"
"ROME","0xed6476","0x7476","4"
"ROME","0xed64f2","0x74f2","4"
"ROME","0xed66f6","0x76f6","4"
"ROME","0xed671d","0x771d","4"
"ROME","0xeaa650","0xf650","3"
"ROME","0xeaa86c","0xf86c","3"
"ROME","0xeb1435","0x6435","3"
"ROME","0xeb690c","0x790c","3"
"ROME","0xeb9af8","0x6af8","3"
"ROME","0xeb9b00","0x6b00","3"
"ROME","0xeb9b08","0x6b08","3"
"ROME","0xeb9b10","0x6b10","3"
"ROME","0xebe97b","0x797b","3"
"ROME","0xebeacf","0x7acf","3"
"ROME","0xebeb0a","0x7b0a","3"
"ROME","0xec0e02","0x5e02","3"
"ROME","0xec11f2","0x61f2","3"
"ROME","0xec133b","0x633b","3"
"ROME","0xec1448","0x6448","3"
"ROME","0xec147b","0x647b","3"
"ROME","0xec14b6","0x64b6","3"
"ROME","0xec1508","0x6508","3"
"ROME","0xec153c","0x653c","3"
"ROME","0xec1585","0x6585","3"
"ROME","0xec16a3","0x66a3","3"
"ROME","0xec16eb","0x66eb","3"
"ROME","0xea8004","0xd004","2"
"ROME","0xeb6839","0x7839","2"
"ROME","0xeb6855","0x7855","2"
"ROME","0xeb767c","0x867c","2"
"ROME","0xeb768d","0x868d","2"
"ROME","0xeb7772","0x8772","2"
"ROME","0xeb8c6a","0x5c6a","2"
"ROME","0xeb924d","0x624d","2"
"ROME","0xeb9252","0x6252","2"
"ROME","0xeb9257","0x6257","2"
"ROME","0xeb925c","0x625c","2"
"ROME","0xeb9261","0x6261","2"
"ROME","0xeb9266","0x6266","2"
"ROME","0xeb926b","0x626b","2"
"ROME","0xeb9270","0x6270","2"
"ROME","0xeb9275","0x6275","2"
"ROME","0xeb96d6","0x66d6","2"
"ROME","0xeb96db","0x66db","2"
"ROME","0xeb96e0","0x66e0","2"
"ROME","0xeb96e5","0x66e5","2"
"ROME","0xeb96ea","0x66ea","2"
"ROME","0xeb96ef","0x66ef","2"
"ROME","0xeb96f4","0x66f4","2"
"ROME","0xeb96f9","0x66f9","2"
"ROME","0xeb96fe","0x66fe","2"
"ROME","0xeb9703","0x6703","2"
"ROME","0xeb9708","0x6708","2"
"ROME","0xeb970d","0x670d","2"
"ROME","0xeb9712","0x6712","2"
"ROME","0xeb9717","0x6717","2"
"ROME","0xeb971c","0x671c","2"
"ROME","0xeb9721","0x6721","2"
"ROME","0xeb9726","0x6726","2"
"ROME","0xeb974e","0x674e","2"
"ROME","0xeb98dd","0x68dd","2"
"ROME","0xeb98e2","0x68e2","2"
"ROME","0xeb98e7","0x68e7","2"
"ROME","0xeb98ec","0x68ec","2"
"ROME","0xeb98f1","0x68f1","2"
"ROME","0xeb98f6","0x68f6","2"
"ROME","0xeb98fb","0x68fb","2"
"ROME","0xeb9908","0x6908","2"
"ROME","0xeb990c","0x690c","2"
"ROME","0xeb9910","0x6910","2"
"ROME","0xeb9914","0x6914","2"
"ROME","0xeb9918","0x6918","2"
"ROME","0xeb991c","0x691c","2"
"ROME","0xeb9920","0x6920","2"
"ROME","0xeb9a3f","0x6a3f","2"
"ROME","0xebeaf2","0x7af2","2"
"ROME","0xebeb16","0x7b16","2"
"ROME","0xec0000","0x5000","2"
"ROME","0xec005f","0x505f","2"
"ROME","0xec0359","0x5359","2"
"ROME","0xec0d88","0x5d88","2"
"ROME","0xed44e0","0x54e0","2"
"ROME","0xed50d6","0x60d6","2"
"ROME","0xed5166","0x6166","2"
"ROME","0xed5587","0x6587","2"
"ROME","0xed5e4d","0x6e4d","2"
"ROME","0xed5e79","0x6e79","2"
"ROME","0xed645e","0x745e","2"
"ROME","0xed6461","0x7461","2"
"ROME","0xed6464","0x7464","2"
"ROME","0xed646a","0x746a","2"
"ROME","0xed64ef","0x74ef","2"
"ROME","0xed652d","0x752d","2"
"ROME","0xed66fc","0x76fc","2"
"ROME","0xed66ff","0x76ff","2"
"ROME","0xeb1158","0x6158","1"
"ROME","0xeb1173","0x6173","1"
"ROME","0xeb11ca","0x61ca","1"
"ROME","0xeb11cc","0x61cc","1"
"ROME","0xeb11f6","0x61f6","1"
"ROME","0xeb11fd","0x61fd","1"
"ROME","0xeb11ff","0x61ff","1"
"ROME","0xeb131e","0x631e","1"
"ROME","0xeb6094","0x7094","1"
"ROME","0xeb68ca","0x78ca","1"
"ROME","0xeb6a9b","0x7a9b","1"
"ROME","0xeb7634","0x8634","1"
"ROME","0xeb76ff","0x86ff","1"
"ROME","0xeb927a","0x627a","1"
"ROME","0xeb9924","0x6924","1"
"ROME","0xeb99a3","0x69a3","1"
"ROME","0xeb9b18","0x6b18","1"
"ROME","0xebeb09","0x7b09","1"
"ROME","0xec10b0","0x60b0","1"
"ROME","0xec10ee","0x60ee","1"
"ROME","0xec1100","0x6100","1"
"ROME","0xec1112","0x6112","1"
"ROME","0xec1118","0x6118","1"
"ROME","0xec216b","0x716b","1"
"ROME","0xec2dbd","0x7dbd","1"
"ROME","0xec2e08","0x7e08","1"
"ROME","0xec2e0a","0x7e0a","1"
"ROME","0xed5a80","0x6a80","1"
